"index","corpus","source_relpath","status","width","height","s_raw","scale_percent","page_items","root_items","top_layers","total_layers","nested_layers","empty_layers","duplicate_sibling_names","max_layer_depth","error"
"0","Корпус 2.1","Корпус 2.1/POZD_WEB_K2-1_s1_et1_1.ai","OK","549.485868","516.905512","1.654498408","170","4718","2304","16","16","0","0","0","0",""
"1","Корпус 2.1","Корпус 2.1/POZD_WEB_K2-1_s1_et1_2.ai","OK","460.087599","516.905512","1.80810794","170","2411","1166","11","11","0","0","0","0",""
"2","Корпус 2.1","Корпус 2.1/POZD_WEB_K2-1_s1_et1_3.ai","OK","460.087599","386.511797","2.090973641","200","1676","814","11","11","0","0","0","0",""
"3","Корпус 2.1","Корпус 2.1/POZD_WEB_K2-1_s1_et1_4.ai","OK","460.910603","391.614168","2.075451799","200","1666","813","11","11","0","0","0","0",""
"4","Корпус 2.1","Корпус 2.1/POZD_WEB_K2-1_s1_et1_5.ai","OK","987.313623","454.418307","1.083748846","110","4689","2287","16","16","0","0","0","0",""
"5","Корпус 2.1","Корпус 2.1/POZD_WEB_K2-1_s1_et1_6.ai","OK","499.754567","386.513417","2.006270678","200","3253","1596","15","15","0","0","0","0",""
"6","Корпус 2.1","Корпус 2.1/POZD_WEB_K2-1_s1_et2,4_3.ai","OK","460.087599","573.598431","1.716429451","170","2454","1191","10","10","0","0","0","0",""
"7","Корпус 2.1","Корпус 2.1/POZD_WEB_K2-1_s1_et2,4_5.ai","OK","885.409449","454.418307","1.208480439","120","3534","1723","10","10","0","0","0","0",""
"8","Корпус 2.1","Корпус 2.1/POZD_WEB_K2-1_s1_et2,6_4.ai","OK","460.087599","392.181102","2.075805239","200","1660","805","10","10","0","0","0","0",""
"9","Корпус 2.1","Корпус 2.1/POZD_WEB_K2-1_s1_et2_1.ai","OK","448.874018","544.843504","1.783003009","170","2394","1160","14","14","0","0","0","0",""
"10","Корпус 2.1","Корпус 2.1/POZD_WEB_K2-1_s1_et2_2.ai","OK","488.025591","516.905513","1.755590891","170","2452","1185","14","14","0","0","0","0",""
"11","Корпус 2.1","Корпус 2.1/POZD_WEB_K2-1_s1_et2_6.ai","OK","397.850394","573.598442","1.845807138","170","2672","1297","10","10","0","0","0","0",""
"12","Корпус 2.1","Корпус 2.1/POZD_WEB_K2-1_s1_et3,5_1.ai","OK","448.874016","516.905512","1.830553323","170","2340","1133","10","10","0","0","0","0",""
"13","Корпус 2.1","Корпус 2.1/POZD_WEB_K2-1_s1_et3,5_2.ai","OK","460.087599","516.905513","1.808107939","170","2396","1157","10","10","0","0","0","0",""
"14","Корпус 2.1","Корпус 2.1/POZD_WEB_K2-1_s1_et3,5_3.ai","OK","460.087599","573.598416","1.716429473","170","2456","1192","10","10","0","0","0","0",""
"15","Корпус 2.1","Корпус 2.1/POZD_WEB_K2-1_s1_et3,5_4.ai","OK","460.087599","392.181108","2.075805223","200","1651","805","10","10","0","0","0","0",""
"16","Корпус 2.1","Корпус 2.1/POZD_WEB_K2-1_s1_et3,5_5.ai","OK","885.409449","454.418307","1.208480439","120","3524","1721","10","10","0","0","0","0",""
"17","Корпус 2.1","Корпус 2.1/POZD_WEB_K2-1_s1_et3,5_6.ai","OK","397.850394","573.598401","1.845807204","170","2674","1299","10","10","0","0","0","0",""
"18","Корпус 2.1","Корпус 2.1/POZD_WEB_K2-1_s1_et4_1.ai","OK","448.624015","516.655511","1.831506258","170","2330","1129","10","10","0","0","0","0",""
"19","Корпус 2.1","Корпус 2.1/POZD_WEB_K2-1_s1_et4_2.ai","OK","460.087599","544.843504","1.76114067","170","2439","1180","14","14","0","0","0","0",""
"20","Корпус 2.1","Корпус 2.1/POZD_WEB_K2-1_s1_et4_4.ai","OK","488.025591","392.181088","2.015512878","200","1704","828","14","14","0","0","0","0",""
"21","Корпус 2.1","Корпус 2.1/POZD_WEB_K2-1_s1_et4_6.ai","OK","425.788386","573.598414","1.784223776","170","2696","1310","13","13","0","0","0","0",""
"22","Корпус 2.1","Корпус 2.1/POZD_WEB_K2-1_s1_et6_1.ai","OK","476.812009","544.843504","1.729978547","170","2461","1191","13","13","0","0","0","0",""
"23","Корпус 2.1","Корпус 2.1/POZD_WEB_K2-1_s1_et6_2.ai","OK","488.025591","516.905512","1.755590893","170","2443","1179","13","13","0","0","0","0",""
"24","Корпус 2.1","Корпус 2.1/POZD_WEB_K2-1_s1_et6_3.ai","OK","488.025591","573.598409","1.666575265","170","2465","1198","13","13","0","0","0","0",""
"25","Корпус 2.1","Корпус 2.1/POZD_WEB_K2-1_s1_et6_5.ai","OK","941.285433","454.418307","1.136743396","110","3653","1783","13","13","0","0","0","0",""
"26","Корпус 2.1","Корпус 2.1/POZD_WEB_K2-1_s1_et6_6.ai","OK","425.788386","573.598425","1.784223759","170","2725","1324","13","13","0","0","0","0",""
"27","Корпус 2.1","Корпус 2.1/POZD_WEB_K2-1_s2_et1_1.ai","OK","489.549843","573.031476","1.664801667","170","4664","2283","16","16","0","0","0","0",""
"28","Корпус 2.1","Корпус 2.1/POZD_WEB_K2-1_s2_et1_2.ai","OK","489.549845","398.077175","1.997414056","200","3228","1571","15","15","0","0","0","0",""
"29","Корпус 2.1","Корпус 2.1/POZD_WEB_K2-1_s2_et1_3.ai","OK","510.102333","397.850385","1.957319184","200","1979","960","10","10","0","0","0","0",""
"30","Корпус 2.1","Корпус 2.1/POZD_WEB_K2-1_s2_et1_4.ai","OK","470.292323","386.51182","2.068163477","200","1692","821","10","10","0","0","0","0",""
"31","Корпус 2.1","Корпус 2.1/POZD_WEB_K2-1_s2_et1_5.ai","OK","470.292323","392.181098","2.053160617","200","1607","783","11","11","0","0","0","0",""
"32","Корпус 2.1","Корпус 2.1/POZD_WEB_K2-1_s2_et1_6.ai","OK","494.228347","569.346457","1.662256585","170","2544","1234","11","11","0","0","0","0",""
"33","Корпус 2.1","Корпус 2.1/POZD_WEB_K2-1_s2_et1_7.ai","OK","573.5984","444.213583","1.74682869","170","2405","1167","11","11","0","0","0","0",""
"34","Корпус 2.1","Корпус 2.1/POZD_WEB_K2-1_s2_et1_8.ai","OK","635.835624","484.023612","1.589441311","150","2756","1339","10","10","0","0","0","0",""
"35","Корпус 2.1","Корпус 2.1/POZD_WEB_K2-1_s2_et2,4_1.ai","OK","387.645669","573.598396","1.865416653","200","2453","1199","10","10","0","0","0","0",""
"36","Корпус 2.1","Корпус 2.1/POZD_WEB_K2-1_s2_et2,4_4.ai","OK","470.292323","386.511798","2.068163535","200","1732","836","10","10","0","0","0","0",""
"37","Корпус 2.1","Корпус 2.1/POZD_WEB_K2-1_s2_et2,4_8.ai","OK","573.71323","464.793034","1.707548159","170","2673","1300","10","10","0","0","0","0",""
"38","Корпус 2.1","Корпус 2.1/POZD_WEB_K2-1_s2_et2,6_2.ai","OK","387.708674","397.860017","2.245082433","200","1683","817","10","10","0","0","0","0",""
"39","Корпус 2.1","Корпус 2.1/POZD_WEB_K2-1_s2_et2,6_3.ai","OK","510.102409","397.850384","1.95731904","200","1813","877","10","10","0","0","0","0",""
"40","Корпус 2.1","Корпус 2.1/POZD_WEB_K2-1_s2_et2,6_5.ai","OK","470.292323","392.181112","2.05316058","200","1699","822","10","10","0","0","0","0",""
"41","Корпус 2.1","Корпус 2.1/POZD_WEB_K2-1_s2_et2_6.ai","OK","494.228364","692.653549","1.507052334","150","3200","1557","10","10","0","0","0","0",""
"42","Корпус 2.1","Корпус 2.1/POZD_WEB_K2-1_s2_et2_7.ai","OK","573.5984","444.213583","1.74682869","170","2302","1115","10","10","0","0","0","0",""
"43","Корпус 2.1","Корпус 2.1/POZD_WEB_K2-1_s2_et2_9.ai","OK","628.622336","433.058031","1.689982651","170","2822","1372","10","10","0","0","0","0",""
"44","Корпус 2.1","Корпус 2.1/POZD_WEB_K2-1_s2_et3,5_1.ai","OK","387.645669","573.598396","1.865416653","200","2467","1205","10","10","0","0","0","0",""
"45","Корпус 2.1","Корпус 2.1/POZD_WEB_K2-1_s2_et3,5_2.ai","OK","387.657679","397.972008","2.244914164","200","1689","818","10","10","0","0","0","0",""
"46","Корпус 2.1","Корпус 2.1/POZD_WEB_K2-1_s2_et3,5_3.ai","OK","509.976967","397.8504","1.957559713","200","1812","879","10","10","0","0","0","0",""
"47","Корпус 2.1","Корпус 2.1/POZD_WEB_K2-1_s2_et3,5_4.ai","OK","470.292323","386.511818","2.068163482","200","1711","828","10","10","0","0","0","0",""
"48","Корпус 2.1","Корпус 2.1/POZD_WEB_K2-1_s2_et3,5_5.ai","OK","470.292323","392.181114","2.053160575","200","1689","819","10","10","0","0","0","0",""
"49","Корпус 2.1","Корпус 2.1/POZD_WEB_K2-1_s2_et3,5_6.ai","OK","494.228352","692.653571","1.507052328","150","3200","1557","10","10","0","0","0","0",""
"50","Корпус 2.1","Корпус 2.1/POZD_WEB_K2-1_s2_et3,5_7.ai","OK","573.598397","444.213583","1.746828695","170","2292","1111","10","10","0","0","0","0",""
"51","Корпус 2.1","Корпус 2.1/POZD_WEB_K2-1_s2_et3,5_8.ai","OK","576.553082","464.766343","1.703386554","170","2794","1355","10","10","0","0","0","0",""
"52","Корпус 2.1","Корпус 2.1/POZD_WEB_K2-1_s2_et3,5_9.ai","OK","628.705381","433.025463","1.68993458","170","2770","1346","10","10","0","0","0","0",""
"53","Корпус 2.1","Корпус 2.1/POZD_WEB_K2-1_s2_et4_2.ai","OK","415.619681","397.958032","2.168120967","200","1747","846","14","14","0","0","0","0",""
"54","Корпус 2.1","Корпус 2.1/POZD_WEB_K2-1_s2_et4_3.ai","OK","538.040366","397.850387","1.905824373","200","1854","898","13","13","0","0","0","0",""
"55","Корпус 2.1","Корпус 2.1/POZD_WEB_K2-1_s2_et4_5.ai","OK","498.230315","392.181102","1.994765247","200","1756","851","13","13","0","0","0","0",""
"56","Корпус 2.1","Корпус 2.1/POZD_WEB_K2-1_s2_et4_6.ai","OK","494.228359","720.591524","1.477548663","150","3227","1573","13","13","0","0","0","0",""
"57","Корпус 2.1","Корпус 2.1/POZD_WEB_K2-1_s2_et4_7.ai","OK","573.598427","472.151575","1.694359264","170","2352","1140","13","13","0","0","0","0",""
"58","Корпус 2.1","Корпус 2.1/POZD_WEB_K2-1_s2_et4_9.ai","OK","628.590522","462.412065","1.63550436","170","2863","1390","14","14","0","0","0","0",""
"59","Корпус 2.1","Корпус 2.1/POZD_WEB_K2-1_s2_et6_1.ai","OK","415.583662","573.598396","1.805996906","170","2467","1201","13","13","0","0","0","0",""
"60","Корпус 2.1","Корпус 2.1/POZD_WEB_K2-1_s2_et6_4.ai","OK","498.230315","386.511814","2.009341426","200","1775","859","13","13","0","0","0","0",""
"61","Корпус 2.1","Корпус 2.1/POZD_WEB_K2-1_s2_et6_6.ai","OK","522.166368","692.653565","1.466181428","150","3251","1584","14","14","0","0","0","0",""
"62","Корпус 2.1","Корпус 2.1/POZD_WEB_K2-1_s2_et6_7.ai","OK","573.598397","472.151575","1.694359309","170","2383","1152","13","13","0","0","0","0",""
"63","Корпус 2.1","Корпус 2.1/POZD_WEB_K2-1_s2_et6_8.ai","OK","573.723592","492.719026","1.658437763","170","2728","1325","13","13","0","0","0","0",""
"64","Корпус 2.1","Корпус 2.1/POZD_WEB_K2-1_s2_et6_9.ai","OK","628.590534","460.937992","1.638117416","170","2812","1365","13","13","0","0","0","0",""
"65","Корпус 2.1","Корпус 2.1/POZD_WEB_K2-1_s3_et1,3,5_5.ai","OK","573.598418","485.03248","1.671709519","170","2713","1318","10","10","0","0","0","0",""
"66","Корпус 2.1","Корпус 2.1/POZD_WEB_K2-1_s3_et1_2.ai","OK","573.598431","626.746693","1.470619079","150","5270","2574","15","15","0","0","0","0",""
"67","Корпус 2.1","Корпус 2.1/POZD_WEB_K2-1_s3_et1_3.ai","OK","573.598427","586.936654","1.519674608","150","4449","2163","15","15","0","0","0","0",""
"68","Корпус 2.1","Корпус 2.1/POZD_WEB_K2-1_s3_et1_4.ai","OK","454.418307","987.313623","1.083748846","110","5149","2515","16","16","0","0","0","0",""
"69","Корпус 2.1","Корпус 2.1/POZD_WEB_K2-1_s3_et2,4_1.ai","OK","573.59841","885.409449","1.208480439","120","3418","1663","10","10","0","0","0","0",""
"70","Корпус 2.1","Корпус 2.1/POZD_WEB_K2-1_s3_et2,4_5.ai","OK","392.181116","435.142717","2.134474645","200","1724","828","10","10","0","0","0","0",""
"71","Корпус 2.1","Корпус 2.1/POZD_WEB_K2-1_s3_et2,6_3.ai","OK","573.598398","485.03248","1.671709548","170","2630","1278","10","10","0","0","0","0",""
"72","Корпус 2.1","Корпус 2.1/POZD_WEB_K2-1_s3_et2_2.ai","OK","573.598449","485.03248","1.671709474","170","2722","1320","10","10","0","0","0","0",""
"73","Корпус 2.1","Корпус 2.1/POZD_WEB_K2-1_s3_et2_4.ai","OK","454.418307","885.409449","1.208480439","120","3489","1696","10","10","0","0","0","0",""
"74","Корпус 2.1","Корпус 2.1/POZD_WEB_K2-1_s3_et3,5_1.ai","OK","573.598408","885.409449","1.208480439","120","3422","1665","10","10","0","0","0","0",""
"75","Корпус 2.1","Корпус 2.1/POZD_WEB_K2-1_s3_et3,5_2.ai","OK","573.598418","485.03248","1.671709519","170","2713","1318","10","10","0","0","0","0",""
"76","Корпус 2.1","Корпус 2.1/POZD_WEB_K2-1_s3_et3,5_3.ai","OK","573.598425","485.03248","1.671709509","170","2636","1280","10","10","0","0","0","0",""
"77","Корпус 2.1","Корпус 2.1/POZD_WEB_K2-1_s3_et3,5_4.ai","OK","454.418308","885.409449","1.208480439","120","3489","1696","10","10","0","0","0","0",""
"78","Корпус 2.1","Корпус 2.1/POZD_WEB_K2-1_s3_et4_2.ai","OK","573.598427","512.970473","1.625548903","170","2708","1315","13","13","0","0","0","0",""
"79","Корпус 2.1","Корпус 2.1/POZD_WEB_K2-1_s3_et4_3.ai","OK","573.598452","512.970473","1.625548867","170","2655","1291","13","13","0","0","0","0",""
"80","Корпус 2.1","Корпус 2.1/POZD_WEB_K2-1_s3_et4_4.ai","OK","454.418307","913.347441","1.171514751","120","3449","1675","13","13","0","0","0","0",""
"81","Корпус 2.1","Корпус 2.1/POZD_WEB_K2-1_s3_et6_1.ai","OK","573.598437","913.347441","1.171514751","120","3518","1709","13","13","0","0","0","0",""
"82","Корпус 2.1","Корпус 2.1/POZD_WEB_K2-1_s3_et6_2.ai","OK","573.598433","514.444545","1.623218327","170","2644","1283","14","14","0","0","0","0",""
"83","Корпус 2.1","Корпус 2.1/POZD_WEB_K2-1_s3_et6_4.ai","OK","454.418307","914.821514","1.169627062","120","3514","1706","14","14","0","0","0","0",""
"84","Корпус 2.1","Корпус 2.1/POZD_WEB_K2-1_s3_et6_5.ai","OK","392.181113","463.080709","2.069085879","200","1792","861","13","13","0","0","0","0",""
"85","Корпус 2.1","Корпус 2.1/POZD_WEB_K2-1_s4_et1_1.ai","OK","485.724422","495.929134","1.796575272","170","2131","1029","10","10","0","0","0","0",""
"86","Корпус 2.1","Корпус 2.1/POZD_WEB_K2-1_s4_et1_2.ai","OK","392.181112","456.119095","2.084816018","200","1778","858","10","10","0","0","0","0",""
"87","Корпус 2.1","Корпус 2.1/POZD_WEB_K2-1_s4_et1_3.ai","OK","298.637802","450.449803","2.375403414","200","1385","676","10","10","0","0","0","0",""
"88","Корпус 2.1","Корпус 2.1/POZD_WEB_K2-1_s4_et1_4.ai","OK","598.944472","601.944894","1.468515555","150","4501","2207","16","16","0","0","0","0",""
"89","Корпус 2.1","Корпус 2.1/POZD_WEB_K2-1_s4_et1_5.ai","OK","545.653138","545.251942","1.616565328","170","3755","1847","17","17","0","0","0","0",""
"90","Корпус 2.1","Корпус 2.1/POZD_WEB_K2-1_s4_et2,4_2.ai","OK","392.190597","456.119095","2.084790807","200","1706","829","10","10","0","0","0","0",""
"91","Корпус 2.1","Корпус 2.1/POZD_WEB_K2-1_s4_et2,6_4.ai","OK","462.355315","573.598419","1.712215006","170","2540","1239","10","10","0","0","0","0",""
"92","Корпус 2.1","Корпус 2.1/POZD_WEB_K2-1_s4_et2_1.ai","OK","454.418308","885.409449","1.208480439","120","3906","1904","10","10","0","0","0","0",""
"93","Корпус 2.1","Корпус 2.1/POZD_WEB_K2-1_s4_et2_3.ai","OK","616.118112","709.661388","1.33349878","120","3405","1660","10","10","0","0","0","0",""
"94","Корпус 2.1","Корпус 2.1/POZD_WEB_K2-1_s4_et2_5.ai","OK","448.874016","601.944854","1.696327149","170","2867","1402","10","10","0","0","0","0",""
"95","Корпус 2.1","Корпус 2.1/POZD_WEB_K2-1_s4_et2_6.ai","OK","457.819882","601.944867","1.679672131","170","2823","1379","10","10","0","0","0","0",""
"96","Корпус 2.1","Корпус 2.1/POZD_WEB_K2-1_s4_et2_7.ai","OK","457.819882","392.181099","2.080939935","200","1529","745","10","10","0","0","0","0",""
"97","Корпус 2.1","Корпус 2.1/POZD_WEB_K2-1_s4_et3,5_1.ai","OK","454.418307","885.409449","1.208480439","120","3921","1911","10","10","0","0","0","0",""
"98","Корпус 2.1","Корпус 2.1/POZD_WEB_K2-1_s4_et3,5_2.ai","OK","392.181103","456.119095","2.084816042","200","1680","815","10","10","0","0","0","0",""
"99","Корпус 2.1","Корпус 2.1/POZD_WEB_K2-1_s4_et3,5_3.ai","OK","616.11811","709.661388","1.333498782","120","3396","1656","11","11","0","0","0","0",""
"100","Корпус 2.1","Корпус 2.1/POZD_WEB_K2-1_s4_et3,5_4.ai","OK","462.355315","573.598436","1.71221498","170","2546","1241","10","10","0","0","0","0",""
"101","Корпус 2.1","Корпус 2.1/POZD_WEB_K2-1_s4_et3,5_5.ai","OK","448.874016","601.94485","1.696327154","170","2888","1412","10","10","0","0","0","0",""
"102","Корпус 2.1","Корпус 2.1/POZD_WEB_K2-1_s4_et3,5_6.ai","OK","457.819882","601.944875","1.67967212","170","2828","1382","10","10","0","0","0","0",""
"103","Корпус 2.1","Корпус 2.1/POZD_WEB_K2-1_s4_et3,5_7.ai","OK","457.819882","392.181099","2.080939935","200","1513","737","10","10","0","0","0","0",""
"104","Корпус 2.1","Корпус 2.1/POZD_WEB_K2-1_s4_et4_1.ai","OK","454.418308","911.964191","1.173291682","120","4073","1985","14","14","0","0","0","0",""
"105","Корпус 2.1","Корпус 2.1/POZD_WEB_K2-1_s4_et4_3.ai","OK","644.056103","709.661441","1.304255703","120","3454","1684","13","13","0","0","0","0",""
"106","Корпус 2.1","Корпус 2.1/POZD_WEB_K2-1_s4_et4_4.ai","OK","490.293307","573.598396","1.662716676","170","2585","1261","13","13","0","0","0","0",""
"107","Корпус 2.1","Корпус 2.1/POZD_WEB_K2-1_s4_et4_5.ai","OK","478.286081","601.944867","1.643342057","170","3030","1481","14","14","0","0","0","0",""
"108","Корпус 2.1","Корпус 2.1/POZD_WEB_K2-1_s4_et4_6.ai","OK","485.757874","601.944901","1.630654316","170","2885","1408","13","13","0","0","0","0",""
"109","Корпус 2.1","Корпус 2.1/POZD_WEB_K2-1_s4_et4_7.ai","OK","457.819882","392.181097","2.08093994","200","1513","737","10","10","0","0","0","0",""
"110","Корпус 2.1","Корпус 2.1/POZD_WEB_K2-1_s4_et6_1.ai","OK","454.418307","913.347441","1.171514751","120","3941","1920","13","13","0","0","0","0",""
"111","Корпус 2.1","Корпус 2.1/POZD_WEB_K2-1_s4_et6_2.ai","OK","773.157493","484.057087","1.383935369","150","3603","1758","18","18","0","0","0","0",""
"112","Корпус 2.1","Корпус 2.1/POZD_WEB_K2-1_s4_et6_3.ai","OK","462.355315","709.5364","1.508026931","150","3175","1551","15","15","0","1","0","0",""
"113","Корпус 2.1","Корпус 2.1/POZD_WEB_K2-1_s4_et6_5.ai","OK","476.81201","601.944914","1.64588024","170","2984","1456","13","13","0","0","0","0",""
"114","Корпус 2.1","Корпус 2.1/POZD_WEB_K2-1_s4_et6_6.ai","OK","457.819882","601.944892","1.679672097","170","2822","1378","10","10","0","0","0","0",""
"115","Корпус 2.1","Корпус 2.1/POZD_WEB_K2-1_s4_et6_7.ai","OK","485.757874","392.181097","2.020211997","200","1575","767","13","13","0","0","0","0",""
"116","Корпус 2.1","Корпус 2.1/POZD_WEB_K2-1_s5_et1_1.ai","OK","647.700371","375.173214","1.651998436","170","2667","1306","16","16","0","0","0","0",""
"117","Корпус 2.1","Корпус 2.1/POZD_WEB_K2-1_s5_et1_2.ai","OK","647.700395","555.173232","1.47044525","150","4067","1990","16","16","0","0","0","0",""
"118","Корпус 2.1","Корпус 2.1/POZD_WEB_K2-1_s5_et2,4,6_3.ai","OK","462.355315","550.921288","1.747098917","170","2701","1311","10","10","0","0","0","0",""
"119","Корпус 2.1","Корпус 2.1/POZD_WEB_K2-1_s5_et2,4_6.ai","OK","462.355315","519.740158","1.798743073","170","2349","1138","10","10","0","0","0","0",""
"120","Корпус 2.1","Корпус 2.1/POZD_WEB_K2-1_s5_et2,6_10.ai","OK","533.913371","451.159508","1.796593165","170","2392","1156","10","10","0","0","0","0",""
"121","Корпус 2.1","Корпус 2.1/POZD_WEB_K2-1_s5_et2,6_11.ai","OK","567.929166","481.222441","1.686670219","170","2346","1139","14","14","0","0","0","0",""
"122","Корпус 2.1","Корпус 2.1/POZD_WEB_K2-1_s5_et2,6_8.ai","OK","573.598402","466.890748","1.703878404","170","2410","1166","10","10","0","0","0","0",""
"123","Корпус 2.1","Корпус 2.1/POZD_WEB_K2-1_s5_et2_1.ai","OK","457.819882","554.88974","1.749441912","170","2467","1200","11","11","0","0","0","0",""
"124","Корпус 2.1","Корпус 2.1/POZD_WEB_K2-1_s5_et2_2.ai","OK","446.606305","550.921269","1.777636685","170","2675","1299","10","10","0","0","0","0",""
"125","Корпус 2.1","Корпус 2.1/POZD_WEB_K2-1_s5_et2_4.ai","OK","462.355315","567.929116","1.720739803","170","2469","1196","10","10","0","0","0","0",""
"126","Корпус 2.1","Корпус 2.1/POZD_WEB_K2-1_s5_et2_5.ai","OK","400.121116","392.268034","2.225681437","200","1780","866","10","10","0","0","0","0",""
"127","Корпус 2.1","Корпус 2.1/POZD_WEB_K2-1_s5_et2_7.ai","OK","573.598424","466.890748","1.703878372","170","2515","1218","10","10","0","0","0","0",""
"128","Корпус 2.1","Корпус 2.1/POZD_WEB_K2-1_s5_et2_9.ai","OK","561.851363","454.543308","1.74482488","170","2577","1250","14","14","0","0","0","0",""
"129","Корпус 2.1","Корпус 2.1/POZD_WEB_K2-1_s5_et3,5_1.ai","OK","457.819882","554.889764","1.749441875","170","2465","1199","11","11","0","0","0","0",""
"130","Корпус 2.1","Корпус 2.1/POZD_WEB_K2-1_s5_et3,5_10.ai","OK","533.913364","451.159508","1.796593177","170","2367","1146","10","10","0","0","0","0",""
"131","Корпус 2.1","Корпус 2.1/POZD_WEB_K2-1_s5_et3,5_11.ai","OK","567.92914","453.284449","1.737871706","170","2282","1108","10","10","0","0","0","0",""
"132","Корпус 2.1","Корпус 2.1/POZD_WEB_K2-1_s5_et3,5_2.ai","OK","446.606299","550.921232","1.777636757","170","2726","1323","10","10","0","0","0","0",""
"133","Корпус 2.1","Корпус 2.1/POZD_WEB_K2-1_s5_et3,5_3.ai","OK","462.355315","550.921243","1.747098989","170","2699","1310","10","10","0","0","0","0",""
"134","Корпус 2.1","Корпус 2.1/POZD_WEB_K2-1_s5_et3,5_4.ai","OK","462.355315","567.929152","1.720739748","170","2444","1184","10","10","0","0","0","0",""
"135","Корпус 2.1","Корпус 2.1/POZD_WEB_K2-1_s5_et3,5_5.ai","OK","400.175116","392.258064","2.225559547","200","1778","865","10","10","0","0","0","0",""
"136","Корпус 2.1","Корпус 2.1/POZD_WEB_K2-1_s5_et3,5_7.ai","OK","573.598453","466.890748","1.703878328","170","2515","1219","10","10","0","0","0","0",""
"137","Корпус 2.1","Корпус 2.1/POZD_WEB_K2-1_s5_et3,5_8.ai","OK","573.598427","466.890748","1.703878367","170","2412","1166","10","10","0","0","0","0",""
"138","Корпус 2.1","Корпус 2.1/POZD_WEB_K2-1_s5_et3,5_9.ai","OK","533.913416","454.543307","1.789893324","170","2509","1218","10","10","0","0","0","0",""
"139","Корпус 2.1","Корпус 2.1/POZD_WEB_K2-1_s5_et3_6.ai","OK","490.293307","547.67815","1.701607962","170","2494","1211","15","15","0","0","0","0",""
"140","Корпус 2.1","Корпус 2.1/POZD_WEB_K2-1_s5_et4_1.ai","OK","457.819882","554.889734","1.749441922","170","2478","1205","11","11","0","0","0","0",""
"141","Корпус 2.1","Корпус 2.1/POZD_WEB_K2-1_s5_et4_10.ai","OK","561.851379","479.0975","1.699524857","170","2428","1175","13","13","0","0","0","0",""
"142","Корпус 2.1","Корпус 2.1/POZD_WEB_K2-1_s5_et4_11.ai","OK","567.929107","453.284449","1.737871757","170","2284","1109","10","10","0","0","0","0",""
"143","Корпус 2.1","Корпус 2.1/POZD_WEB_K2-1_s5_et4_2.ai","OK","474.544292","550.921289","1.724515271","170","2758","1340","13","13","0","0","0","0",""
"144","Корпус 2.1","Корпус 2.1/POZD_WEB_K2-1_s5_et4_4.ai","OK","490.293307","567.929103","1.670995015","170","2508","1214","13","13","0","0","0","0",""
"145","Корпус 2.1","Корпус 2.1/POZD_WEB_K2-1_s5_et4_5.ai","OK","428.113108","392.258064","2.151716231","200","1836","893","13","13","0","0","0","0",""
"146","Корпус 2.1","Корпус 2.1/POZD_WEB_K2-1_s5_et4_7.ai","OK","573.598443","494.82874","1.655079117","170","2573","1247","13","13","0","0","0","0",""
"147","Корпус 2.1","Корпус 2.1/POZD_WEB_K2-1_s5_et4_8.ai","OK","573.598425","494.82874","1.655079143","170","2470","1195","13","13","0","0","0","0",""
"148","Корпус 2.1","Корпус 2.1/POZD_WEB_K2-1_s5_et4_9.ai","OK","533.9134","454.543307","1.789893351","170","2503","1214","10","10","0","0","0","0",""
"149","Корпус 2.1","Корпус 2.1/POZD_WEB_K2-1_s5_et5_6.ai","OK","429.031496","519.740158","1.867293021","200","2318","1120","10","10","0","0","0","0",""
"150","Корпус 2.1","Корпус 2.1/POZD_WEB_K2-1_s5_et6_1.ai","OK","423.520669","554.889735","1.818903039","170","2554","1242","14","14","0","0","0","0",""
"151","Корпус 2.1","Корпус 2.1/POZD_WEB_K2-1_s5_et6_2.ai","OK","476.018353","550.921252","1.72184315","170","2676","1301","14","14","0","0","0","0",""
"152","Корпус 2.1","Корпус 2.1/POZD_WEB_K2-1_s5_et6_4.ai","OK","491.76738","567.929103","1.668488731","170","2606","1262","14","14","0","0","0","0",""
"153","Корпус 2.1","Корпус 2.1/POZD_WEB_K2-1_s5_et6_5.ai","OK","462.355315","899.457678","1.189605722","120","4920","2414","18","18","0","0","0","0",""
"154","Корпус 2.1","Корпус 2.1/POZD_WEB_K2-1_s5_et6_6.ai","OK","777.692937","494.82874","1.375864366","150","5522","2712","19","19","0","0","0","0",""
"155","Корпус 2.1","Корпус 2.1/POZD_WEB_K2-1_s5_et6_7.ai","OK","573.598397","466.890748","1.703878412","170","2422","1172","10","10","0","0","0","0",""
"156","Корпус 2.1","Корпус 2.1/POZD_WEB_K2-1_s5_et6_9.ai","OK","533.913374","444.929498","1.8091276","170","2370","1148","10","10","0","0","0","0",""
"157","Корпус 2.2","Корпус 2.2/POZD_WEB_K2-2_s6_et1_1.ai","OK","500.267936","568.496061","1.653427417","170","2160","1047","10","10","0","0","0","0",""
"158","Корпус 2.2","Корпус 2.2/POZD_WEB_K2-2_s6_et1_2.ai","OK","573.598397","511.113147","1.628499795","170","2643","1281","10","10","0","0","0","0",""
"159","Корпус 2.2","Корпус 2.2/POZD_WEB_K2-2_s6_et1_3.ai","OK","507.267726","520.182087","1.716539835","170","2371","1147","10","10","0","0","0","0",""
"160","Корпус 2.2","Корпус 2.2/POZD_WEB_K2-2_s6_et1_4.ai","OK","460.087599","392.181092","2.075805266","200","1794","865","10","10","0","0","0","0",""
"161","Корпус 2.2","Корпус 2.2/POZD_WEB_K2-2_s6_et1_5.ai","OK","460.087599","324.149595","2.283269595","200","1593","776","10","10","0","0","0","0",""
"162","Корпус 2.2","Корпус 2.2/POZD_WEB_K2-2_s6_et1_6.ai","OK","888.244095","668.275602","1.144474792","110","8960","4401","16","16","0","0","0","0",""
"163","Корпус 2.2","Корпус 2.2/POZD_WEB_K2-2_s6_et2,6_2.ai","OK","573.700433","514.512795","1.622966368","170","2698","1311","10","10","0","0","0","0",""
"164","Корпус 2.2","Корпус 2.2/POZD_WEB_K2-2_s6_et2,6_3.ai","OK","507.267704","548.120079","1.672221244","170","2334","1128","11","11","0","0","0","0",""
"165","Корпус 2.2","Корпус 2.2/POZD_WEB_K2-2_s6_et2_1.ai","OK","635.835622","885.409449","1.175183527","120","4388","2138","10","10","0","0","0","0",""
"166","Корпус 2.2","Корпус 2.2/POZD_WEB_K2-2_s6_et2_4.ai","OK","488.025591","392.181105","2.015512834","200","1795","864","11","11","0","0","0","0",""
"167","Корпус 2.2","Корпус 2.2/POZD_WEB_K2-2_s6_et2_5.ai","OK","460.087599","324.660437","2.281472564","200","1626","789","10","10","0","0","0","0",""
"168","Корпус 2.2","Корпус 2.2/POZD_WEB_K2-2_s6_et2_6.ai","OK","916.182087","557.72444","1.167890112","120","4714","2291","11","11","0","0","0","0",""
"169","Корпус 2.2","Корпус 2.2/POZD_WEB_K2-2_s6_et3,5_1.ai","OK","635.591001","885.409456","1.175409648","120","4424","2154","10","10","0","0","0","0",""
"170","Корпус 2.2","Корпус 2.2/POZD_WEB_K2-2_s6_et3,5_2.ai","OK","573.598409","515.199331","1.622028888","170","2669","1291","10","10","0","0","0","0",""
"171","Корпус 2.2","Корпус 2.2/POZD_WEB_K2-2_s6_et3,5_3.ai","OK","507.267748","520.182087","1.716539798","170","2356","1137","10","10","0","0","0","0",""
"172","Корпус 2.2","Корпус 2.2/POZD_WEB_K2-2_s6_et3,5_4.ai","OK","460.087599","392.181096","2.075805255","200","1787","860","10","10","0","0","0","0",""
"173","Корпус 2.2","Корпус 2.2/POZD_WEB_K2-2_s6_et3,5_5.ai","OK","460.087599","324.149616","2.283269521","200","1612","784","10","10","0","0","0","0",""
"174","Корпус 2.2","Корпус 2.2/POZD_WEB_K2-2_s6_et3_6.ai","OK","913.347441","557.724411","1.171514751","120","4708","2287","11","11","0","0","0","0",""
"175","Корпус 2.2","Корпус 2.2/POZD_WEB_K2-2_s6_et4_1.ai","OK","636.290477","913.063977","1.156836233","120","4526","2203","12","12","0","0","0","0",""
"176","Корпус 2.2","Корпус 2.2/POZD_WEB_K2-2_s6_et4_2.ai","OK","573.598443","548.120079","1.572564115","150","2646","1284","11","11","0","0","0","0",""
"177","Корпус 2.2","Корпус 2.2/POZD_WEB_K2-2_s6_et4_3.ai","OK","507.26774","520.182087","1.716539812","170","2356","1137","10","10","0","0","0","0",""
"178","Корпус 2.2","Корпус 2.2/POZD_WEB_K2-2_s6_et4_4.ai","OK","460.087599","392.18111","2.075805218","200","1781","857","10","10","0","0","0","0",""
"179","Корпус 2.2","Корпус 2.2/POZD_WEB_K2-2_s6_et4_5.ai","OK","488.025591","324.149614","2.192507974","200","1629","793","11","11","0","0","0","0",""
"180","Корпус 2.2","Корпус 2.2/POZD_WEB_K2-2_s6_et4_6.ai","OK","888.244095","557.724404","1.204623826","120","4673","2271","10","10","0","0","0","0",""
"181","Корпус 2.2","Корпус 2.2/POZD_WEB_K2-2_s6_et5_6.ai","OK","888.244095","557.724432","1.204623826","120","4682","2275","10","10","0","0","0","0",""
"182","Корпус 2.2","Корпус 2.2/POZD_WEB_K2-2_s6_et6_1.ai","OK","636.404017","913.347441","1.15655352","120","4491","2188","11","11","0","0","0","0",""
"183","Корпус 2.2","Корпус 2.2/POZD_WEB_K2-2_s6_et6_6.ai","OK","941.285433","557.7244","1.136743396","110","4767","2317","16","16","0","0","0","0",""
"184","Корпус 2.2","Корпус 2.2/POZD_WEB_K2-2_s7_et1,4_1.ai","OK","533.913379","435.142717","1.829358984","170","1883","907","10","10","0","0","0","0",""
"185","Корпус 2.2","Корпус 2.2/POZD_WEB_K2-2_s7_et1_2.ai","OK","509.535433","634.543249","1.550716435","150","2321","1123","10","10","0","0","0","0",""
"186","Корпус 2.2","Корпус 2.2/POZD_WEB_K2-2_s7_et1_3.ai","OK","478.921255","448.874019","1.901760875","200","1841","890","11","11","0","0","0","0",""
"187","Корпус 2.2","Корпус 2.2/POZD_WEB_K2-2_s7_et1_4.ai","OK","451.425198","485.03248","1.884394766","200","1771","857","11","11","0","0","0","0",""
"188","Корпус 2.2","Корпус 2.2/POZD_WEB_K2-2_s7_et1_5.ai","OK","573.598411","524.84252","1.607058636","170","2636","1280","11","11","0","0","0","0",""
"189","Корпус 2.2","Корпус 2.2/POZD_WEB_K2-2_s7_et2,5_2.ai","OK","509.535433","448.874025","1.843744621","170","1891","910","10","10","0","0","0","0",""
"190","Корпус 2.2","Корпус 2.2/POZD_WEB_K2-2_s7_et2,6_4.ai","OK","573.598409","512.970473","1.625548928","170","2515","1220","11","11","0","0","0","0",""
"191","Корпус 2.2","Корпус 2.2/POZD_WEB_K2-2_s7_et2_1.ai","OK","533.663386","463.080709","1.773732609","170","1910","921","11","11","0","0","0","0",""
"192","Корпус 2.2","Корпус 2.2/POZD_WEB_K2-2_s7_et2_3.ai","OK","509.5968","448.890347","1.843600085","170","2380","1150","9","9","0","0","0","0",""
"193","Корпус 2.2","Корпус 2.2/POZD_WEB_K2-2_s7_et2_5.ai","OK","573.598425","513.310687","1.625010123","170","2680","1299","13","13","0","0","0","0",""
"194","Корпус 2.2","Корпус 2.2/POZD_WEB_K2-2_s7_et2_6.ai","OK","573.598409","936.308072","1.14278626","110","3328","1613","11","11","0","0","0","0",""
"195","Корпус 2.2","Корпус 2.2/POZD_WEB_K2-2_s7_et3,5_1.ai","OK","533.913359","435.142717","1.829359018","170","1895","912","10","10","0","0","0","0",""
"196","Корпус 2.2","Корпус 2.2/POZD_WEB_K2-2_s7_et3,5_3.ai","OK","509.5968","448.890347","1.843600085","170","2436","1174","10","10","0","0","0","0",""
"197","Корпус 2.2","Корпус 2.2/POZD_WEB_K2-2_s7_et3,5_4.ai","OK","573.598433","485.03248","1.671709497","170","2477","1201","10","10","0","0","0","0",""
"198","Корпус 2.2","Корпус 2.2/POZD_WEB_K2-2_s7_et3,5_5.ai","OK","573.598398","485.03248","1.671709548","170","2608","1264","10","10","0","0","0","0",""
"199","Корпус 2.2","Корпус 2.2/POZD_WEB_K2-2_s7_et3,5_6.ai","OK","573.843006","885.409426","1.208480471","120","3433","1665","11","11","0","0","0","0",""
"200","Корпус 2.2","Корпус 2.2/POZD_WEB_K2-2_s7_et3,6_2.ai","OK","509.535433","448.874011","1.84374465","170","1903","915","10","10","0","0","0","0",""
"201","Корпус 2.2","Корпус 2.2/POZD_WEB_K2-2_s7_et4_2.ai","OK","509.535433","476.811957","1.788913885","170","1949","939","11","11","0","0","0","0",""
"202","Корпус 2.2","Корпус 2.2/POZD_WEB_K2-2_s7_et4_3.ai","OK","510.111293","476.828642","1.787872574","170","2448","1183","11","11","0","0","0","0",""
"203","Корпус 2.2","Корпус 2.2/POZD_WEB_K2-2_s7_et4_4.ai","OK","573.598409","485.03248","1.671709532","170","2454","1191","10","10","0","0","0","0",""
"204","Корпус 2.2","Корпус 2.2/POZD_WEB_K2-2_s7_et4_5.ai","OK","573.598398","512.970473","1.625548944","170","2595","1259","11","11","0","0","0","0",""
"205","Корпус 2.2","Корпус 2.2/POZD_WEB_K2-2_s7_et4_6.ai","OK","573.598444","885.409449","1.208480439","120","3387","1645","11","11","0","0","0","0",""
"206","Корпус 2.2","Корпус 2.2/POZD_WEB_K2-2_s7_et6_1.ai","OK","533.913406","463.080709","1.77331726","170","1918","925","11","11","0","0","0","0",""
"207","Корпус 2.2","Корпус 2.2/POZD_WEB_K2-2_s7_et6_3.ai","OK","509.541888","448.890679","1.843698741","170","2408","1161","10","10","0","0","0","0",""
"208","Корпус 2.2","Корпус 2.2/POZD_WEB_K2-2_s7_et6_5.ai","OK","573.598433","513.310687","1.625010111","170","2675","1296","13","13","0","0","0","0",""
"209","Корпус 2.2","Корпус 2.2/POZD_WEB_K2-2_s7_et6_6.ai","OK","573.59842","913.347473","1.17151471","120","3397","1647","12","12","0","0","0","0",""
"210","Корпус 2.3","Корпус 2.3/POZD_WEB_K2-3_s10_et1_1.ai","OK","573.598423","471.426181","1.695662344","170","2579","1249","10","10","0","0","0","0",""
"211","Корпус 2.3","Корпус 2.3/POZD_WEB_K2-3_s10_et1_2.ai","OK","579.834646","689.818888","1.394217653","150","3437","1669","10","10","0","0","0","0",""
"212","Корпус 2.3","Корпус 2.3/POZD_WEB_K2-3_s10_et1_3.ai","OK","983.204725","444.055118","1.088277927","110","4317","2104","14","14","0","0","0","0",""
"213","Корпус 2.3","Корпус 2.3/POZD_WEB_K2-3_s10_et2,6_1.ai","OK","491.143692","448.624016","1.878471689","200","2006","976","11","11","0","0","0","0",""
"214","Корпус 2.3","Корпус 2.3/POZD_WEB_K2-3_s10_et2,6_2.ai","OK","301.347441","516.497048","2.071647852","200","1389","675","11","11","0","0","0","0",""
"215","Корпус 2.3","Корпус 2.3/POZD_WEB_K2-3_s10_et2_3.ai","OK","573.598413","499.446944","1.647409432","170","2491","1215","11","11","0","0","0","0",""
"216","Корпус 2.3","Корпус 2.3/POZD_WEB_K2-3_s10_et2_4.ai","OK","573.598435","499.446944","1.647409401","170","2546","1234","11","11","0","0","0","0",""
"217","Корпус 2.3","Корпус 2.3/POZD_WEB_K2-3_s10_et2_5.ai","OK","607.20571","779.905907","1.281330519","120","3538","1722","13","13","0","0","0","0",""
"218","Корпус 2.3","Корпус 2.3/POZD_WEB_K2-3_s10_et2_6.ai","OK","913.347439","444.055132","1.171514754","120","2981","1446","11","11","0","0","0","0",""
"219","Корпус 2.3","Корпус 2.3/POZD_WEB_K2-3_s10_et3,5_1.ai","OK","492.527562","448.749016","1.875569556","200","2032","989","10","10","0","0","0","0",""
"220","Корпус 2.3","Корпус 2.3/POZD_WEB_K2-3_s10_et3,5_2.ai","OK","301.347441","488.559056","2.190113942","200","1381","670","10","10","0","0","0","0",""
"221","Корпус 2.3","Корпус 2.3/POZD_WEB_K2-3_s10_et3,5_4.ai","OK","573.598451","471.426181","1.695662302","170","2527","1224","10","10","0","0","0","0",""
"222","Корпус 2.3","Корпус 2.3/POZD_WEB_K2-3_s10_et3,5_6.ai","OK","885.409449","444.055123","1.208480439","120","2927","1420","10","10","0","0","0","0",""
"223","Корпус 2.3","Корпус 2.3/POZD_WEB_K2-3_s10_et3_3.ai","OK","573.598454","471.426181","1.695662298","170","2420","1181","10","10","0","0","0","0",""
"224","Корпус 2.3","Корпус 2.3/POZD_WEB_K2-3_s10_et4_1.ai","OK","499.897639","476.687008","1.806312962","170","2062","1005","11","11","0","0","0","0",""
"225","Корпус 2.3","Корпус 2.3/POZD_WEB_K2-3_s10_et4_2.ai","OK","301.347441","488.559056","2.190113942","200","1381","670","10","10","0","0","0","0",""
"226","Корпус 2.3","Корпус 2.3/POZD_WEB_K2-3_s10_et4_3.ai","OK","573.598457","471.426181","1.695662293","170","2420","1181","10","10","0","0","0","0",""
"227","Корпус 2.3","Корпус 2.3/POZD_WEB_K2-3_s10_et4_4.ai","OK","573.598457","499.364173","1.647545895","170","2701","1308","12","12","0","0","0","0",""
"228","Корпус 2.3","Корпус 2.3/POZD_WEB_K2-3_s10_et4_5.ai","OK","607.205711","717.756919","1.335652807","120","3451","1676","11","11","0","0","0","0",""
"229","Корпус 2.3","Корпус 2.3/POZD_WEB_K2-3_s10_et4_6.ai","OK","885.409449","443.204709","1.208480439","120","2905","1410","10","10","0","0","0","0",""
"230","Корпус 2.3","Корпус 2.3/POZD_WEB_K2-3_s10_et6_3.ai","OK","573.598443","499.446944","1.647409389","170","2450","1196","11","11","0","0","0","0",""
"231","Корпус 2.3","Корпус 2.3/POZD_WEB_K2-3_s10_et6_4.ai","OK","573.598443","499.446944","1.647409389","170","2550","1236","11","11","0","0","0","0",""
"232","Корпус 2.3","Корпус 2.3/POZD_WEB_K2-3_s10_et6_5.ai","OK","357.31496","471.426181","2.148412894","200","1747","851","10","10","0","0","0","0",""
"233","Корпус 2.3","Корпус 2.3/POZD_WEB_K2-3_s10_et6_6.ai","OK","913.347441","1069.661437","0.892090719","100","7729","3786","16","16","0","0","0","0",""
"234","Корпус 2.3","Корпус 2.3/POZD_WEB_K2-3_s11_et1_4.ai","OK","647.971239","392.181098","1.65130786","170","3529","1718","14","14","0","0","0","0",""
"235","Корпус 2.3","Корпус 2.3/POZD_WEB_K2-3_s11_et1_5.ai","OK","585.767481","403.519678","1.813657226","170","3343","1631","15","15","0","0","0","0",""
"236","Корпус 2.3","Корпус 2.3/POZD_WEB_K2-3_s11_et1_6.ai","OK","523.530277","392.18109","1.945969247","200","4017","1967","14","14","0","0","0","0",""
"237","Корпус 2.3","Корпус 2.3/POZD_WEB_K2-3_s11_et1_7.ai","OK","981.787402","601.944907","1.089848981","110","5998","2922","14","14","0","0","0","0",""
"238","Корпус 2.3","Корпус 2.3/POZD_WEB_K2-3_s11_et2,4_2.ai","OK","423.64569","403.519683","2.13263455","200","1658","804","10","10","0","0","0","0",""
"239","Корпус 2.3","Корпус 2.3/POZD_WEB_K2-3_s11_et2,6_1.ai","OK","913.347441","573.598415","1.171514751","120","4063","1984","12","12","0","0","0","0",""
"240","Корпус 2.3","Корпус 2.3/POZD_WEB_K2-3_s11_et2,6_4.ai","OK","913.347441","602.511826","1.171514751","120","4277","2082","11","11","0","0","0","0",""
"241","Корпус 2.3","Корпус 2.3/POZD_WEB_K2-3_s11_et2_3.ai","OK","422.795276","392.181104","2.165418303","200","1788","866","10","10","0","0","0","0",""
"242","Корпус 2.3","Корпус 2.3/POZD_WEB_K2-3_s11_et3,5_1.ai","OK","885.409451","573.598432","1.208480437","120","4008","1958","11","11","0","0","0","0",""
"243","Корпус 2.3","Корпус 2.3/POZD_WEB_K2-3_s11_et3,5_2.ai","OK","423.24884","403.519672","2.133634154","200","1674","810","10","10","0","0","0","0",""
"244","Корпус 2.3","Корпус 2.3/POZD_WEB_K2-3_s11_et3,5_3.ai","OK","422.795276","391.198002","2.168137504","200","1779","863","10","10","0","0","0","0",""
"245","Корпус 2.3","Корпус 2.3/POZD_WEB_K2-3_s11_et3,5_4.ai","OK","885.409449","601.944859","1.207813189","120","4245","2066","10","10","0","0","0","0",""
"246","Корпус 2.3","Корпус 2.3/POZD_WEB_K2-3_s11_et4_1.ai","OK","941.285433","573.598411","1.136743396","110","4070","1989","12","12","0","0","0","0",""
"247","Корпус 2.3","Корпус 2.3/POZD_WEB_K2-3_s11_et4_3.ai","OK","450.733268","392.181112","2.097234798","200","1818","881","11","11","0","0","0","0",""
"248","Корпус 2.3","Корпус 2.3/POZD_WEB_K2-3_s11_et4_4.ai","OK","913.347441","601.944886","1.171514751","120","4267","2077","11","11","0","0","0","0",""
"249","Корпус 2.3","Корпус 2.3/POZD_WEB_K2-3_s11_et6_2.ai","OK","450.733239","403.519687","2.067559621","200","1688","818","11","11","0","0","0","0",""
"250","Корпус 2.3","Корпус 2.3/POZD_WEB_K2-3_s11_et6_3.ai","OK","422.795246","391.047246","2.168555469","200","1770","857","10","10","0","0","0","0",""
"251","Корпус 2.3","Корпус 2.3/POZD_WEB_K2-3_s12_et1,4_2.ai","OK","582.827757","409.738809","1.804373894","170","3450","1680","14","14","0","0","0","0",""
"252","Корпус 2.3","Корпус 2.3/POZD_WEB_K2-3_s12_et1_1.ai","OK","982.395023","415.510637","1.089174899","110","4390","2139","16","16","0","0","0","0",""
"253","Корпус 2.3","Корпус 2.3/POZD_WEB_K2-3_s12_et1_2.ai","OK","582.827757","409.188976","1.805585769","170","3434","1671","14","14","0","0","0","0",""
"254","Корпус 2.3","Корпус 2.3/POZD_WEB_K2-3_s12_et1_3.ai","OK","584.245079","633.099363","1.449828822","150","4410","2155","15","15","0","1","0","0",""
"255","Корпус 2.3","Корпус 2.3/POZD_WEB_K2-3_s12_et2_1.ai","OK","885.409449","414.858274","1.208480439","120","2871","1392","11","11","0","0","0","0",""
"256","Корпус 2.3","Корпус 2.3/POZD_WEB_K2-3_s12_et2_3.ai","OK","485.03248","392.181118","2.02172205","200","1577","762","10","10","0","0","0","0",""
"257","Корпус 2.3","Корпус 2.3/POZD_WEB_K2-3_s12_et2_4.ai","OK","913.347441","579.267743","1.171514751","120","4191","2044","12","12","0","0","0","0",""
"258","Корпус 2.3","Корпус 2.3/POZD_WEB_K2-3_s12_et3,5_1.ai","OK","885.409476","414.858274","1.208480403","120","2878","1395","11","11","0","0","0","0",""
"259","Корпус 2.3","Корпус 2.3/POZD_WEB_K2-3_s12_et3,5_2.ai","OK","485.03248","409.188973","1.979259905","200","1758","851","10","10","0","0","0","0",""
"260","Корпус 2.3","Корпус 2.3/POZD_WEB_K2-3_s12_et3,5_3.ai","OK","485.03248","392.192547","2.021692592","200","1579","763","10","10","0","0","0","0",""
"261","Корпус 2.3","Корпус 2.3/POZD_WEB_K2-3_s12_et3_4.ai","OK","885.409449","579.26772","1.208480439","120","4202","2047","11","11","0","0","0","0",""
"262","Корпус 2.3","Корпус 2.3/POZD_WEB_K2-3_s12_et4_1.ai","OK","941.285433","414.85827","1.136743396","110","2943","1427","12","12","0","0","0","0",""
"263","Корпус 2.3","Корпус 2.3/POZD_WEB_K2-3_s12_et4_3.ai","OK","512.970473","392.181103","1.965896653","200","1607","777","11","11","0","0","0","0",""
"264","Корпус 2.3","Корпус 2.3/POZD_WEB_K2-3_s12_et4_4.ai","OK","885.409449","579.267737","1.208480439","120","4167","2035","11","11","0","0","0","0",""
"265","Корпус 2.3","Корпус 2.3/POZD_WEB_K2-3_s12_et5_4.ai","OK","885.409449","579.26775","1.208480439","120","4204","2049","11","11","0","0","0","0",""
"266","Корпус 2.3","Корпус 2.3/POZD_WEB_K2-3_s12_et6_1.ai","OK","987.331693","587.771647","1.083729012","110","7699","3769","15","15","0","0","0","0",""
"267","Корпус 2.3","Корпус 2.3/POZD_WEB_K2-3_s12_et6_2.ai","OK","512.970473","409.188985","1.924606942","200","1790","867","11","11","0","0","0","0",""
"268","Корпус 2.3","Корпус 2.3/POZD_WEB_K2-3_s12_et6_3.ai","OK","485.03248","392.181107","2.021722078","200","1626","784","10","10","0","0","0","0",""
"269","Корпус 2.3","Корпус 2.3/POZD_WEB_K2-3_s12_et6_4.ai","OK","941.285433","579.267737","1.136743396","110","4198","2050","11","11","0","0","0","0",""
"270","Корпус 2.3","Корпус 2.3/POZD_WEB_K2-3_s13_et1,3,5_9.ai","OK","448.874006","585.019227","1.720691054","170","3779","1850","14","14","0","0","0","0",""
"271","Корпус 2.3","Корпус 2.3/POZD_WEB_K2-3_s13_et1,5_8.ai","OK","387.929142","408.055118","2.216228734","200","1637","796","10","10","0","0","0","0",""
"272","Корпус 2.3","Корпус 2.3/POZD_WEB_K2-3_s13_et1,6_6.ai","OK","596.275591","517.188976","1.587822872","150","3084","1492","10","10","0","0","0","0",""
"273","Корпус 2.3","Корпус 2.3/POZD_WEB_K2-3_s13_et1_2.ai","OK","600.509506","431.867447","1.731470198","170","3275","1602","14","14","0","0","0","0",""
"274","Корпус 2.3","Корпус 2.3/POZD_WEB_K2-3_s13_et1_3.ai","OK","460.087599","667.141728","1.591552182","150","2801","1358","10","10","0","0","0","0",""
"275","Корпус 2.3","Корпус 2.3/POZD_WEB_K2-3_s13_et1_5.ai","OK","460.087599","392.18109","2.075805271","200","1699","825","10","10","0","0","0","0",""
"276","Корпус 2.3","Корпус 2.3/POZD_WEB_K2-3_s13_et1_6.ai","OK","596.275591","516.905511","1.588258184","150","3066","1483","10","10","0","0","0","0",""
"277","Корпус 2.3","Корпус 2.3/POZD_WEB_K2-3_s13_et1_7.ai","OK","392.181102","470.292323","2.053160606","200","1809","876","10","10","0","0","0","0",""
"278","Корпус 2.3","Корпус 2.3/POZD_WEB_K2-3_s13_et1_9.ai","OK","448.874016","584.452251","1.721525452","170","3768","1845","14","14","0","0","0","0",""
"279","Корпус 2.3","Корпус 2.3/POZD_WEB_K2-3_s13_et2,4_4.ai","OK","885.284449","443.079725","1.208651074","120","3362","1640","11","11","0","0","0","0",""
"280","Корпус 2.3","Корпус 2.3/POZD_WEB_K2-3_s13_et2,5_2.ai","OK","460.087599","392.181116","2.075805202","200","1625","789","10","10","0","0","0","0",""
"281","Корпус 2.3","Корпус 2.3/POZD_WEB_K2-3_s13_et2,6_1.ai","OK","460.087599","410.32283","2.029397375","200","1748","850","10","10","0","0","0","0",""
"282","Корпус 2.3","Корпус 2.3/POZD_WEB_K2-3_s13_et2,6_6.ai","OK","460.087599","579.267717","1.708009462","170","2560","1248","10","10","0","0","0","0",""
"283","Корпус 2.3","Корпус 2.3/POZD_WEB_K2-3_s13_et2_11.ai","OK","448.874021","517.630876","1.829270272","170","2087","1016","11","11","0","0","0","0",""
"284","Корпус 2.3","Корпус 2.3/POZD_WEB_K2-3_s13_et2_3.ai","OK","460.087599","392.181096","2.075805255","200","1627","791","10","10","0","0","0","0",""
"285","Корпус 2.3","Корпус 2.3/POZD_WEB_K2-3_s13_et2_5.ai","OK","488.025591","630.29132","1.589857638","150","2622","1276","11","11","0","0","0","0",""
"286","Корпус 2.3","Корпус 2.3/POZD_WEB_K2-3_s13_et2_7.ai","OK","488.025591","392.181092","2.015512867","200","1665","809","11","11","0","0","0","0",""
"287","Корпус 2.3","Корпус 2.3/POZD_WEB_K2-3_s13_et2_8.ai","OK","596.275591","516.905511","1.588258184","150","3034","1470","10","10","0","0","0","0",""
"288","Корпус 2.3","Корпус 2.3/POZD_WEB_K2-3_s13_et2_9.ai","OK","392.181116","498.230315","1.994765211","200","1800","875","11","11","0","0","0","0",""
"289","Корпус 2.3","Корпус 2.3/POZD_WEB_K2-3_s13_et3,5_1.ai","OK","460.087599","409.755899","2.030800809","200","1734","843","10","10","0","0","0","0",""
"290","Корпус 2.3","Корпус 2.3/POZD_WEB_K2-3_s13_et3,5_3.ai","OK","460.087599","392.181089","2.075805274","200","1627","791","10","10","0","0","0","0",""
"291","Корпус 2.3","Корпус 2.3/POZD_WEB_K2-3_s13_et3,5_4.ai","OK","885.409449","443.079725","1.208480439","120","3452","1683","11","11","0","0","0","0",""
"292","Корпус 2.3","Корпус 2.3/POZD_WEB_K2-3_s13_et3,5_5.ai","OK","460.087599","630.291339","1.637416888","170","2622","1275","10","10","0","0","0","0",""
"293","Корпус 2.3","Корпус 2.3/POZD_WEB_K2-3_s13_et3,5_6.ai","OK","460.087599","579.26773","1.708009443","170","2569","1252","10","10","0","0","0","0",""
"294","Корпус 2.3","Корпус 2.3/POZD_WEB_K2-3_s13_et3_7.ai","OK","460.087599","392.181091","2.075805268","200","1635","794","10","10","0","0","0","0",""
"295","Корпус 2.3","Корпус 2.3/POZD_WEB_K2-3_s13_et3_8.ai","OK","624.213584","544.843503","1.511985767","150","3167","1540","13","13","0","0","0","0",""
"296","Корпус 2.3","Корпус 2.3/POZD_WEB_K2-3_s13_et4_1.ai","OK","489.159449","410.322837","1.968167839","200","1776","864","11","11","0","0","0","0",""
"297","Корпус 2.3","Корпус 2.3/POZD_WEB_K2-3_s13_et4_11.ai","OK","448.874024","489.692896","1.880728302","200","2076","1010","10","10","0","0","0","0",""
"298","Корпус 2.3","Корпус 2.3/POZD_WEB_K2-3_s13_et4_2.ai","OK","459.962599","391.931108","2.076749294","200","1590","774","10","10","0","0","0","0",""
"299","Корпус 2.3","Корпус 2.3/POZD_WEB_K2-3_s13_et4_3.ai","OK","489.159449","392.181112","2.013175509","200","1659","807","11","11","0","0","0","0",""
"300","Корпус 2.3","Корпус 2.3/POZD_WEB_K2-3_s13_et4_5.ai","OK","488.025591","630.291339","1.589857614","150","2612","1271","11","11","0","0","0","0",""
"301","Корпус 2.3","Корпус 2.3/POZD_WEB_K2-3_s13_et4_6.ai","OK","488.025591","579.267686","1.658399849","170","2619","1276","11","11","0","0","0","0",""
"302","Корпус 2.3","Корпус 2.3/POZD_WEB_K2-3_s13_et4_7.ai","OK","460.087599","392.181114","2.075805208","200","1658","804","10","10","0","0","0","0",""
"303","Корпус 2.3","Корпус 2.3/POZD_WEB_K2-3_s13_et4_8.ai","OK","624.213584","544.843506","1.511985762","150","3101","1502","11","11","0","0","0","0",""
"304","Корпус 2.3","Корпус 2.3/POZD_WEB_K2-3_s13_et4_9.ai","OK","392.181096","470.292323","2.053160622","200","1777","863","10","10","0","0","0","0",""
"305","Корпус 2.3","Корпус 2.3/POZD_WEB_K2-3_s13_et5_5.ai","OK","460.087599","630.291336","1.637416892","170","2592","1260","10","10","0","0","0","0",""
"306","Корпус 2.3","Корпус 2.3/POZD_WEB_K2-3_s13_et5_7.ai","OK","460.087599","392.181108","2.075805223","200","1626","790","10","10","0","0","0","0",""
"307","Корпус 2.3","Корпус 2.3/POZD_WEB_K2-3_s13_et6_3.ai","OK","489.159449","760.68504","1.406626848","150","3740","1820","14","14","0","0","0","0",""
"308","Корпус 2.3","Корпус 2.3/POZD_WEB_K2-3_s13_et6_5.ai","OK","460.087599","579.26771","1.708009472","170","2583","1256","10","10","0","0","0","0",""
"309","Корпус 2.3","Корпус 2.3/POZD_WEB_K2-3_s13_et6_7.ai","OK","777.101029","498.230315","1.376912345","150","4729","2316","18","18","0","0","0","0",""
"310","Корпус 2.3","Корпус 2.3/POZD_WEB_K2-3_s13_et6_9.ai","OK","448.874014","517.630894","1.829270255","170","2100","1024","11","11","0","0","0","0",""
"311","Корпус 2.3","Корпус 2.3/POZD_WEB_K2-3_s14_et1,3,5_2.ai","OK","573.087604","524.842519","1.607774684","170","2619","1269","10","10","0","0","0","0",""
"312","Корпус 2.3","Корпус 2.3/POZD_WEB_K2-3_s14_et1,3,5_3.ai","OK","383.960622","482.197835","2.04924662","200","1654","801","10","10","0","0","0","0",""
"313","Корпус 2.3","Корпус 2.3/POZD_WEB_K2-3_s14_et1_1.ai","OK","573.087586","568.426134","1.544908206","150","4308","2109","14","14","0","0","0","0",""
"314","Корпус 2.3","Корпус 2.3/POZD_WEB_K2-3_s14_et2,6_1.ai","OK","573.598415","474.952774","1.689355357","170","2570","1248","10","10","0","0","0","0",""
"315","Корпус 2.3","Корпус 2.3/POZD_WEB_K2-3_s14_et2,6_2.ai","OK","573.598457","554.481302","1.563517544","150","2552","1237","11","11","0","0","0","0",""
"316","Корпус 2.3","Корпус 2.3/POZD_WEB_K2-3_s14_et2,6_3.ai","OK","383.960619","485.03248","2.043249712","200","1700","826","11","11","0","0","0","0",""
"317","Корпус 2.3","Корпус 2.3/POZD_WEB_K2-3_s14_et2_4.ai","OK","425.91338","512.970473","1.886441636","200","1837","887","11","11","0","0","0","0",""
"318","Корпус 2.3","Корпус 2.3/POZD_WEB_K2-3_s14_et2_5.ai","OK","417.692925","502.890725","1.923910329","200","1930","932","11","11","0","0","0","0",""
"319","Корпус 2.3","Корпус 2.3/POZD_WEB_K2-3_s14_et3,5_1.ai","OK","573.077314","474.952778","1.690123243","170","2590","1256","10","10","0","0","0","0",""
"320","Корпус 2.3","Корпус 2.3/POZD_WEB_K2-3_s14_et3,5_5.ai","OK","417.692901","474.952768","1.979686585","200","1953","940","10","10","0","0","0","0",""
"321","Корпус 2.3","Корпус 2.3/POZD_WEB_K2-3_s14_et3_4.ai","OK","425.913405","485.03248","1.940010736","200","1830","882","11","11","0","0","0","0",""
"322","Корпус 2.3","Корпус 2.3/POZD_WEB_K2-3_s14_et4_1.ai","OK","573.077314","502.89074","1.642505268","170","2597","1259","11","11","0","0","0","0",""
"323","Корпус 2.3","Корпус 2.3/POZD_WEB_K2-3_s14_et4_2.ai","OK","573.598453","526.54331","1.604460994","170","2565","1246","10","10","0","0","0","0",""
"324","Корпус 2.3","Корпус 2.3/POZD_WEB_K2-3_s14_et4_3.ai","OK","383.960636","512.970473","1.986829794","200","1682","815","11","11","0","0","0","0",""
"325","Корпус 2.3","Корпус 2.3/POZD_WEB_K2-3_s14_et4_4.ai","OK","454.134801","485.03248","1.878764719","200","1855","896","11","11","0","0","0","0",""
"326","Корпус 2.3","Корпус 2.3/POZD_WEB_K2-3_s14_et4_5.ai","OK","417.692898","474.952756","1.979686617","200","1941","934","10","10","0","0","0","0",""
"327","Корпус 2.3","Корпус 2.3/POZD_WEB_K2-3_s14_et5_4.ai","OK","425.913382","485.03248","1.940010789","200","1823","879","10","10","0","0","0","0",""
"328","Корпус 2.3","Корпус 2.3/POZD_WEB_K2-3_s14_et6_4.ai","OK","425.913358","512.970473","1.886441685","200","1865","900","11","11","0","0","0","0",""
"329","Корпус 2.3","Корпус 2.3/POZD_WEB_K2-3_s14_et6_5.ai","OK","417.692918","502.890742","1.923910313","200","1918","922","11","11","0","0","0","0",""
"330","Корпус 2.3","Корпус 2.3/POZD_WEB_K2-3_s8_et1,2_10.ai","OK","307.141723","572.748031","1.868186257","200","2895","1414","15","15","0","0","0","0",""
"331","Корпус 2.3","Корпус 2.3/POZD_WEB_K2-3_s8_et1,3_5.ai","OK","482.764764","386.51182","2.041272698","200","1813","871","10","10","0","0","0","0",""
"332","Корпус 2.3","Корпус 2.3/POZD_WEB_K2-3_s8_et1_1.ai","OK","516.055118","460.496079","1.808794321","170","3504","1710","14","14","0","0","0","0",""
"333","Корпус 2.3","Корпус 2.3/POZD_WEB_K2-3_s8_et1_10.ai","OK","303.173237","572.748031","1.868186257","200","2865","1398","15","15","0","0","0","0",""
"334","Корпус 2.3","Корпус 2.3/POZD_WEB_K2-3_s8_et1_2.ai","OK","577.778707","386.511797","1.851920099","200","3316","1616","14","14","0","0","0","0",""
"335","Корпус 2.3","Корпус 2.3/POZD_WEB_K2-3_s8_et1_3.ai","OK","573.31496","739.425197","1.354273682","150","4485","2190","14","14","0","0","0","0",""
"336","Корпус 2.3","Корпус 2.3/POZD_WEB_K2-3_s8_et1_4.ai","OK","482.764764","735.173229","1.455439287","150","3286","1593","10","10","0","0","0","0",""
"337","Корпус 2.3","Корпус 2.3/POZD_WEB_K2-3_s8_et1_5.ai","OK","482.764764","386.511821","2.041272695","200","1809","870","10","10","0","0","0","0",""
"338","Корпус 2.3","Корпус 2.3/POZD_WEB_K2-3_s8_et1_6.ai","OK","482.764764","392.181109","2.02646488","200","1813","877","10","10","0","0","0","0",""
"339","Корпус 2.3","Корпус 2.3/POZD_WEB_K2-3_s8_et1_8.ai","OK","672.811047","505.566924","1.511869534","150","2877","1397","10","10","0","0","0","0",""
"340","Корпус 2.3","Корпус 2.3/POZD_WEB_K2-3_s8_et1_9.ai","OK","550.921286","485.03248","1.705768192","170","2633","1277","10","10","0","0","0","0",""
"341","Корпус 2.3","Корпус 2.3/POZD_WEB_K2-3_s8_et2,3,4_11.ai","OK","303.173225","474.952756","2.25285565","200","1562","756","10","10","0","0","0","0",""
"342","Корпус 2.3","Корпус 2.3/POZD_WEB_K2-3_s8_et2,4_2.ai","OK","482.764764","386.511821","2.041272695","200","1736","838","10","10","0","0","0","0",""
"343","Корпус 2.3","Корпус 2.3/POZD_WEB_K2-3_s8_et2,4_6.ai","OK","482.764764","573.598419","1.675631222","170","2414","1170","10","10","0","0","0","0",""
"344","Корпус 2.3","Корпус 2.3/POZD_WEB_K2-3_s8_et2_1.ai","OK","420.527559","641.629927","1.66762795","170","2566","1246","10","10","0","0","0","0",""
"345","Корпус 2.3","Корпус 2.3/POZD_WEB_K2-3_s8_et2_10.ai","OK","550.921269","513.053244","1.658533356","170","2605","1265","11","11","0","0","0","0",""
"346","Корпус 2.3","Корпус 2.3/POZD_WEB_K2-3_s8_et2_2.ai","OK","482.764764","386.795281","2.040524592","200","1744","841","10","10","0","0","0","0",""
"347","Корпус 2.3","Корпус 2.3/POZD_WEB_K2-3_s8_et2_3.ai","OK","471.551182","735.173216","1.455439312","150","3207","1556","10","10","0","0","0","0",""
"348","Корпус 2.3","Корпус 2.3/POZD_WEB_K2-3_s8_et2_4.ai","OK","512.970416","763.111222","1.402154718","150","3254","1578","11","11","0","0","0","0",""
"349","Корпус 2.3","Корпус 2.3/POZD_WEB_K2-3_s8_et2_5.ai","OK","482.764764","386.511808","2.041272729","200","1753","846","10","10","0","0","0","0",""
"350","Корпус 2.3","Корпус 2.3/POZD_WEB_K2-3_s8_et2_7.ai","OK","482.764764","351.930476","2.139212749","200","1388","671","10","10","0","0","0","0",""
"351","Корпус 2.3","Корпус 2.3/POZD_WEB_K2-3_s8_et2_8.ai","OK","429.18988","369.50393","2.214195335","200","1533","746","11","11","0","0","0","0",""
"352","Корпус 2.3","Корпус 2.3/POZD_WEB_K2-3_s8_et2_9.ai","OK","672.811018","533.587703","1.471637159","150","3005","1460","11","11","0","0","0","0",""
"353","Корпус 2.3","Корпус 2.3/POZD_WEB_K2-3_s8_et3_1.ai","OK","420.527559","634.32588","1.68683012","170","2613","1269","10","10","0","0","0","0",""
"354","Корпус 2.3","Корпус 2.3/POZD_WEB_K2-3_s8_et3_2.ai","OK","482.764764","386.511799","2.041272753","200","1745","843","10","10","0","0","0","0",""
"355","Корпус 2.3","Корпус 2.3/POZD_WEB_K2-3_s8_et3_3.ai","OK","471.551182","735.173216","1.455439312","150","3197","1553","10","10","0","0","0","0",""
"356","Корпус 2.3","Корпус 2.3/POZD_WEB_K2-3_s8_et3_4.ai","OK","482.764764","735.17323","1.455439285","150","3208","1553","10","10","0","0","0","0",""
"357","Корпус 2.3","Корпус 2.3/POZD_WEB_K2-3_s8_et3_6.ai","OK","482.639764","573.348401","1.676213546","170","2381","1154","10","10","0","0","0","0",""
"358","Корпус 2.3","Корпус 2.3/POZD_WEB_K2-3_s8_et3_7.ai","OK","482.764764","351.929139","2.139216813","200","1411","684","10","10","0","0","0","0",""
"359","Корпус 2.3","Корпус 2.3/POZD_WEB_K2-3_s8_et3_8.ai","OK","398.984223","369.503951","2.29648067","200","1510","735","10","10","0","0","0","0",""
"360","Корпус 2.3","Корпус 2.3/POZD_WEB_K2-3_s8_et3_9.ai","OK","672.810998","505.566923","1.51186959","150","2993","1453","10","10","0","0","0","0",""
"361","Корпус 2.3","Корпус 2.3/POZD_WEB_K2-3_s8_et4_1.ai","OK","446.197835","633.125962","1.658980985","170","2596","1260","11","11","0","0","0","0",""
"362","Корпус 2.3","Корпус 2.3/POZD_WEB_K2-3_s8_et4_10.ai","OK","550.921237","485.03248","1.705768267","170","2571","1248","10","10","0","0","0","0",""
"363","Корпус 2.3","Корпус 2.3/POZD_WEB_K2-3_s8_et4_3.ai","OK","497.221457","763.111222","1.402154718","150","3270","1589","11","11","0","0","0","0",""
"364","Корпус 2.3","Корпус 2.3/POZD_WEB_K2-3_s8_et4_4.ai","OK","482.764764","735.173229","1.455439287","150","3224","1560","10","10","0","0","0","0",""
"365","Корпус 2.3","Корпус 2.3/POZD_WEB_K2-3_s8_et4_5.ai","OK","512.970416","386.511803","1.980262024","200","1817","878","11","11","0","0","0","0",""
"366","Корпус 2.3","Корпус 2.3/POZD_WEB_K2-3_s8_et4_7.ai","OK","512.970416","351.929122","2.075278736","200","1411","684","11","11","0","0","0","0",""
"367","Корпус 2.3","Корпус 2.3/POZD_WEB_K2-3_s8_et4_8.ai","OK","398.984252","369.503934","2.296480639","200","1508","734","10","10","0","0","0","0",""
"368","Корпус 2.3","Корпус 2.3/POZD_WEB_K2-3_s8_et4_9.ai","OK","702.733279","533.504938","1.440077009","150","3055","1484","11","11","0","0","0","0",""
"369","Корпус 2.3","Корпус 2.3/POZD_WEB_K2-3_s9_et2,4_3.ai","OK","409.188978","485.03248","1.979259893","200","1759","856","10","10","0","0","0","0",""
"370","Корпус 2.3","Корпус 2.3/POZD_WEB_K2-3_s9_et2,6_1.ai","OK","573.598441","474.95275","1.689355361","170","2557","1240","10","10","0","0","0","0",""
"371","Корпус 2.3","Корпус 2.3/POZD_WEB_K2-3_s9_et2,6_2.ai","OK","573.598413","526.543308","1.604461053","170","2673","1295","10","10","0","0","0","0",""
"372","Корпус 2.3","Корпус 2.3/POZD_WEB_K2-3_s9_et2_4.ai","OK","421.661412","422.795276","2.088349614","200","1807","880","10","10","0","0","0","0",""
"373","Корпус 2.3","Корпус 2.3/POZD_WEB_K2-3_s9_et2_5.ai","OK","669.976399","913.347441","1.127203785","110","3337","1623","11","11","0","0","0","0",""
"374","Корпус 2.3","Корпус 2.3/POZD_WEB_K2-3_s9_et3,5_1.ai","OK","573.598442","474.952756","1.689355349","170","2579","1251","10","10","0","0","0","0",""
"375","Корпус 2.3","Корпус 2.3/POZD_WEB_K2-3_s9_et3,5_2.ai","OK","573.598444","526.543307","1.604461012","170","2673","1295","10","10","0","0","0","0",""
"376","Корпус 2.3","Корпус 2.3/POZD_WEB_K2-3_s9_et3,5_3.ai","OK","409.188992","485.03248","1.979259859","200","1765","860","10","10","0","0","0","0",""
"377","Корпус 2.3","Корпус 2.3/POZD_WEB_K2-3_s9_et3_4.ai","OK","421.661417","422.795276","2.088349602","200","1810","882","10","10","0","0","0","0",""
"378","Корпус 2.3","Корпус 2.3/POZD_WEB_K2-3_s9_et3_5.ai","OK","669.976368","885.409449","1.144849452","110","3332","1616","10","10","0","0","0","0",""
"379","Корпус 2.3","Корпус 2.3/POZD_WEB_K2-3_s9_et4_1.ai","OK","573.59843","502.890742","1.641758984","170","2582","1253","11","11","0","0","0","0",""
"380","Корпус 2.3","Корпус 2.3/POZD_WEB_K2-3_s9_et4_2.ai","OK","573.598431","554.4813","1.563517583","150","2718","1317","11","11","0","0","0","0",""
"381","Корпус 2.3","Корпус 2.3/POZD_WEB_K2-3_s9_et4_4.ai","OK","423.36221","450.733268","2.018525997","200","1899","925","11","11","0","0","0","0",""
"382","Корпус 2.3","Корпус 2.3/POZD_WEB_K2-3_s9_et4_5.ai","OK","669.976395","899.480355","1.135859479","110","3344","1626","12","12","0","0","0","0",""
"383","Корпус 2.3","Корпус 2.3/POZD_WEB_K2-3_s9_et5_4.ai","OK","1002.476231","528.811024","1.067356978","110","5320","2617","15","15","0","0","0","0",""
"384","Корпус 2.3","Корпус 2.3/POZD_WEB_K2-3_s9_et5_5.ai","OK","1098.854211","540.433022","0.973741548","100","5709","2804","15","15","0","0","0","0",""
"385","Корпус 2.3","Корпус 2.3/POZD_WEB_K2-3_s9_et6_3.ai","OK","408.938965","512.970473","1.925195192","200","1799","877","11","11","0","0","0","0",""
"386","Корпус 2.3","Корпус 2.3/POZD_WEB_K2-3_s9_et6_4.ai","OK","669.976352","450.733268","1.597071295","150","2138","1049","13","13","0","0","0","0",""
"387","Корпус 2.3","Корпус 2.3/POZD_WEB_K2-3_s9_et6_5.ai","OK","686.984248","540.433065","1.447124356","150","2394","1173","12","12","0","0","0","0",""
